Vial_No_Only,Placement_Code,Pin_Number,Cage_Uncaged,Metabolomics_Vial,Micro_Vial,Genotype,Species
NA,PAC V01 A,NA,A,NA,NA,PA22,Pocillopora acuta
NA,PAC V01 B,NA,B,NA,NA,PA22,Pocillopora acuta
2,PAC V01 C,1,C,PAC 02,PAC 02,PA22,Pocillopora acuta
4,PAC V02 A,2,A,PAC 04,PAC 04,PA21,Pocillopora acuta
5,PAC V02 B,2,B,PAC 05,PAC 05,PA21,Pocillopora acuta
6,PAC V02 C,2,C,PAC 06,PAC 06,PA21,Pocillopora acuta
7,PAC V03 A,3,A,PAC 07,PAC 07,PA11,Pocillopora acuta
8,PAC V03 B,3,B,PAC 08,PAC 08,PA11,Pocillopora acuta
9,PAC V03 C,3,C,PAC 09,PAC 09,PA11,Pocillopora acuta
16,PAC V04 A,4,A,PAC 16,PAC 16,PA19,Pocillopora acuta
17,PAC V04 B,4,B,PAC 17,PAC 17,PA19,Pocillopora acuta
18,PAC V04 C,4,C,PAC 18,PAC 18,PA19,Pocillopora acuta
22,PAC V05 A,5,A,PAC 22,PAC 22,PA19,Pocillopora acuta
23,PAC V05 B,5,B,PAC 23,PAC 23,PA19,Pocillopora acuta
24,PAC V05 C,5,C,PAC 24,PAC 24,PA19,Pocillopora acuta
34,PAC V06 A,6,A,PAC 34,PAC 34,PA18,Pocillopora acuta
35,PAC V06 B,6,B,PAC 35,PAC 35,PA18,Pocillopora acuta
36,PAC V06 C,6,C,PAC 36,PAC 36,PA18,Pocillopora acuta
43,PAC V07 A,7,A,PAC 43,PAC 43,PA13,Pocillopora acuta
44,PAC V07 B,7,B,PAC 44,PAC 44,PA13,Pocillopora acuta
45,PAC V07 C,7,C,PAC 45,PAC 45,PA13,Pocillopora acuta
31,PAC V08 A,8,A,PAC 31,PAC 31,PA19,Pocillopora acuta
32,PAC V08 B,8,B,PAC 32,PAC 32,PA19,Pocillopora acuta
33,PAC V08 C,8,C,PAC 33,PAC 33,PA19,Pocillopora acuta
19,PAC V09 A,9,A,PAC 19,PAC 19,PA13,Pocillopora acuta
20,PAC V09 B,9,B,PAC 20,PAC 20,PA13,Pocillopora acuta
21,PAC V09 C,9,C,PAC 21,PAC 21,PA13,Pocillopora acuta
55,PAC V10 A,10,A,PAC 55,PAC 55,PA18,Pocillopora acuta
56,PAC V10 B,10,B,PAC 56,PAC 56,PA18,Pocillopora acuta
57,PAC V10 C,10,C,PAC 57,PAC 57,PA18,Pocillopora acuta
40,PAC V11 A,11,A,PAC 40,PAC 40,PA18,Pocillopora acuta
41,PAC V11 B,11,B,PAC 41,PAC 41,PA18,Pocillopora acuta
42,PAC V11 C,11,C,PAC 42,PAC 42,PA18,Pocillopora acuta
28,PAC V12 A,12,A,PAC 28,PAC 28,PA21,Pocillopora acuta
29,PAC V12 B,12,B,PAC 29,PAC 29,PA21,Pocillopora acuta
30,PAC V12 C,12,C,PAC 30,PAC 30,PA21,Pocillopora acuta
54,PAC V13 A,13,A,PAC 54,PAC 54,PA13,Pocillopora acuta
53,PAC V13 B,13,B,PAC 53,PAC 53,PA13,Pocillopora acuta
52,PAC V13 C,13,C,PAC 52,PAC 52,PA13,Pocillopora acuta
46,PAC V14 A,14,A,PAC 46,PAC 46,PA18,Pocillopora acuta
47,PAC V14 B,14,B,PAC 47,PAC 47,PA18,Pocillopora acuta
48,PAC V14 C,14,C,PAC 48,PAC 48,PA18,Pocillopora acuta
25,PAC V15 A,15,A,PAC 25,PAC 25,PA21,Pocillopora acuta
26,PAC V15 B,15,B,PAC 26,PAC 26,PA21,Pocillopora acuta
27,PAC V15 C,15,C,PAC 27,PAC 27,PA21,Pocillopora acuta
13,PAC V16 A,16,A,PAC 13,PAC 13,PA11,Pocillopora acuta
14,PAC V16 B,16,B,PAC 14,PAC 14,PA11,Pocillopora acuta
15,PAC V16 C,16,C,PAC 15,PAC 15,PA11,Pocillopora acuta
49,PAC V17 A,17,A,PAC 49,PAC 49,PA22,Pocillopora acuta
50,PAC V17 B,17,B,PAC 50,PAC 50,PA22,Pocillopora acuta
51,PAC V17 C,17,C,PAC 51,ALG TIL 07,PA22,Pocillopora acuta
60,PAC V18 A,18,A,PAC 60,PAC 60,PA22,Pocillopora acuta
59,PAC V18 B,18,B,PAC 59,PAC 59,PA22,Pocillopora acuta
58,PAC V18 C,18,C,PAC 58,PAC 58,PA22,Pocillopora acuta
10,PAC V19 A,19,A,PAC 10,PAC 10,PA22,Pocillopora acuta
11,PAC V19 B,19,B,PAC 11,PAC 11,PA22,Pocillopora acuta
12,PAC V19 C,19,C,PAC 12,PAC 12,PA22,Pocillopora acuta
37,PAC V20 A,20,A,PAC 37,PAC 37,PA11,Pocillopora acuta
38,PAC V20 B,20,B,PAC 38,PAC 38,PA11,Pocillopora acuta
39,PAC V20 C,20,C,PAC 39,PAC 39,PA11,Pocillopora acuta
61,T0,NA,T0,PAC 61,PAC 61,PA18,Pocillopora acuta
63,T0,NA,T0,PAC 63,PAC 63,PA11,Pocillopora acuta
65,T0,NA,T0,PAC 65,PAC 65,PA19,Pocillopora acuta
69,T0,NA,T0,PAC 69,PAC 69,PA13,Pocillopora acuta
73,T0,NA,T0,PAC 73,PAC 73,PA21,Pocillopora acuta
75,T0,NA,T0,PAC 75,PAC 75,PA22,Pocillopora acuta
62,T0,NA,T0,PAC 62,PAC 62,PA18,Pocillopora acuta
64,T0,NA,T0,PAC 64,PAC 64,PA11,Pocillopora acuta
66,T0,NA,T0,PAC 66,PAC 66,PA19,Pocillopora acuta
70,T0,NA,T0,PAC 70,PAC 70,PA13,Pocillopora acuta
74,T0,NA,T0,PAC 74,PAC 74,PA21,Pocillopora acuta
1,PRU V01 A,1,A,PRU 01,PRU 01,PR08,Porites rus
3,PRU V01 B,1,B,PRU 03,PRU 03,PR08,Porites rus
2,PRU V01 C,1,C,PRU 02,PRU 02,PR08,Porites rus
6,PRU V02 A,2,A,PRU 06,PRU 06,PR06,Porites rus
5,PRU V02 B,2,B,PRU 05,PRU 05,PR06,Porites rus
4,PRU V02 C,2,C,PRU 04,PRU 04,PR06,Porites rus
9,PRU V03 A,3,A,PRU 09,PRU 09,PR03,Porites rus
8,PRU V03 B,3,B,PRU 08,PRU 08,PR03,Porites rus
7,PRU V03 C,3,C,PRU 07,PRU 07,PR03,Porites rus
15,PRU V04 A,4,A,PRU 15,PRU 15,PR02,Porites rus
14,PRU V04 B,4,B,PRU 14,PRU 14,PR02,Porites rus
13,PRU V04 C,4,C,PRU 13,PRU 13,PR02,Porites rus
18,PRU V05 A,5,A,PRU 18,PRU 18,PR02,Porites rus
17,PRU V05 B,5,B,PRU 17,PRU 17,PR02,Porites rus
16,PRU V05 C,5,C,PRU 16,PRU 16,PR02,Porites rus
24,PRU V06 A,6,A,PRU 24,PRU 24,PR07,Porites rus
23,PRU V06 B,6,B,PRU 23,PRU 23,PR07,Porites rus
22,PRU V06 C,6,C,PRU 22,PRU 22,PR07,Porites rus
27,PRU V07 A,7,A,PRU 27,PRU 27,PR04,Porites rus
26,PRU V07 B,7,B,PRU 26,PRU 26,PR04,Porites rus
25,PRU V07 C,7,C,PRU 25,PRU 25,PR04,Porites rus
36,PRU V08 A,8,A,PRU 36,PRU 36,PR02,Porites rus
35,PRU V08 B,8,B,PRU 35,PRU 35,PR02,Porites rus
34,PRU V08 C,8,C,PRU 34,PRU 34,PR02,Porites rus
45,PRU V09 A,9,A,PRU 45,PRU 45,PR04,Porites rus
44,PRU V09 B,9,B,PRU 44,PRU 44,PR04,Porites rus
43,PRU V09 C,9,C,PRU 43,PRU 43,PR04,Porites rus
42,PRU V10 A,10,A,PRU 42,PRU 42,PR07,Porites rus
41,PRU V10 B,10,B,PRU 41,PRU 41,PR07,Porites rus
40,PRU V10 C,10,C,PRU 40,PRU 40,PR07,Porites rus
30,PRU V11 A,11,A,PRU 30,PRU 30,PR07,Porites rus
29,PRU V11 B,11,B,PRU 29,PRU 29,PR07,Porites rus
28,PRU V11 C,11,C,PRU 28,PRU 28,PR07,Porites rus
33,PRU V12 A,12,A,PRU 33,PRU 33,PR06,Porites rus
32,PRU V12 B,12,B,PRU 32,PRU 32,PR06,Porites rus
31,PRU V12 C,12,C,PRU 31,PRU 31,PR06,Porites rus
58,PRU V13 A,13,A,PRU 58,PRU 58,PR04,Porites rus
59,PRU V13 B,13,B,PRU 59,PRU 59,PR04,Porites rus
60,PRU V13 C,13,C,PRU 60,PRU 60,PR04,Porites rus
57,PRU V14 A,14,A,PRU 57,PRU 57,PR07,Porites rus
56,PRU V14 B,14,B,PRU 56,PRU 56,PR07,Porites rus
55,PRU V14 C,14,C,PRU 55,PRU 55,PR07,Porites rus
21,PRU V15 A,15,A,PRU 21,PRU 21,PR06,Porites rus
20,PRU V15 B,15,B,PRU 20,PRU 20,PR06,Porites rus
19,PRU V15 C,15,C,PRU 19,PRU 19,PR06,Porites rus
12,PRU V16 A,16,A,PRU 12,PRU 12,PR03,Porites rus
11,PRU V16 B,16,B,PRU 11,PRU 11,PR03,Porites rus
10,PRU V16 C,16,C,PRU 10,PRU 10,PR03,Porites rus
51,PRU V17 A,17,A,PRU 51,PRU 51,PR08,Porites rus
50,PRU V17 B,17,B,PRU 50,PRU 50,PR08,Porites rus
49,PRU V17 C,17,C,PRU 49,PRU 49,PR08,Porites rus
39,PRU V18 A,18,A,PRU 39,PRU 39,PR08,Porites rus
38,PRU V18 B,18,B,PRU 38,PRU 38,PR08,Porites rus
37,PRU V18 C,18,C,PRU 37,PRU 37,PR08,Porites rus
48,PRU V19 A,19,A,PRU 48,PRU 48,PR08,Porites rus
47,PRU V19 B,19,B,PRU 47,PRU 47,PR08,Porites rus
46,PRU V19 C,19,C,PRU 46,PRU 46,PR08,Porites rus
54,PRU V20 A,20,A,PRU 54,PRU 54,PR03,Porites rus
53,PRU V20 B,20,B,PRU 53,PRU 53,PR03,Porites rus
52,PRU V20 C,20,C,PRU 52,PRU 52,PR03,Porites rus
63,T0,0,T0,PRU 63,PRU 63,PR07,Porites rus
65,T0,0,T0,PRU 65,PRU 65,PR08,Porites rus
67,T0,0,T0,PRU 67,PRU 67,PR06,Porites rus
69,T0,0,T0,PRU 69,PRU 69,PR03,Porites rus
71,T0,0,T0,PRU 71,PRU 71,PR04,Porites rus
75,T0,0,T0,PRU 75,PRU 75,PR02,Porites rus
64,T0,0,T0,PRU 64,PRU 64,PR07,Porites rus
66,T0,0,T0,PRU 66,PRU 66,PR08,Porites rus
68,T0,0,T0,PRU 68,PRU 68,PR06,Porites rus
70,T0,0,T0,PRU 70,PRU 70,PR03,Porites rus
72,T0,0,T0,PRU 72,PRU 72,PR04,Porites rus
