"","Placement_Code","Chl_ug.cm.2","Cage_Uncaged","Pin_Number","Metabolomics_Vial","Microbiome_Vial","Slurry_Label","Genotype","Species","Change_Over_Area","Percent_Change","Change_per_day","FSC.Events_per_cm_2","FSC.Events_per_g_dry_weight","Max_L_AVG","Max_L_Basal","Area_AVG","Area_Basal","CowTagID","Δ15N","Δ13C","δ15N_host","δ15N_symb","δ13C_host","δ13C_symb","C_N_ratio_host","C_N_ratio_symb","δ15N_T1_T0_host","δ15N_T1_T0_symb","δ13C_T1_T0_host","δ13C_T1_T0_symb","Surface_Area","Slurry_Volume.ml","Slurry_ID"
"1","PAC V01 A",NA,"A",1,NA,NA,NA,"PA22","Pocillopora acuta",NA,NA,NA,NA,NA,NA,NA,NA,NA,"V1",NA,NA,NA,NA,NA,NA,NA,NA,NA,NA,NA,NA,NA,NA,NA
"2","PAC V01 B",NA,"B",1,NA,NA,NA,"PA22","Pocillopora acuta",NA,NA,NA,NA,NA,NA,NA,NA,NA,"V1",NA,NA,NA,NA,NA,NA,NA,NA,NA,NA,NA,NA,NA,NA,NA
"3","PAC V01 C",2.8855285613122,"C",1,"PAC 02","PAC 02","PAC 02","PA22","Pocillopora acuta",0.0431596848987483,12.8844660264735,0.211220754532352,18375.2471374667,4859320.34430477,0.9655,0.901,4.6545,4.14,"V1",0.8,-0.0999999999999979,6.8,6,-16.4,-16.3,6.0665362035225,6.51416122004357,0.6,0.2,-0.599999999999998,-0.5,60.02998,25,"PAC 02"
"4","PAC V02 C",1.63045165422296,"C",2,"PAC 04","PAC 04","PAC 04","PA21","Pocillopora acuta",0.0332908979237602,12.584177940016,0.206297999016655,3111.72384103326,1128556.16441627,0.812,0.625,4.3175,2.957,"V2",NA,NA,NA,NA,NA,NA,NA,NA,NA,NA,NA,NA,82.32808,25,"PAC 04"
"5","PAC V02 B",1.74467767273564,"B",2,"PAC 05","PAC 05","PAC 05","PA21","Pocillopora acuta",0.0317791904182067,7.63950045225739,0.125237712332088,4799.49802469723,1357976.40775242,-0.00950000000000006,-0.484,1.692,0.855,"V2",NA,NA,NA,NA,NA,NA,NA,NA,NA,NA,NA,NA,48.52444,25,"PAC 05"
"6","PAC V02 A",2.11228474723025,"A",2,"PAC 06","PAC 06","PAC 06","PA21","Pocillopora acuta",0.0375401196966819,10.1138756454434,0.165801240089236,25410.1555483786,7871404.51850063,0.703,0.71,2.664,3.125,"V2",0.4,0.199999999999999,6.7,6.3,-16.5,-16.7,5.28155339805825,6.82608695652174,1.1,1.6,2.8,2.6,62.57434,25,"PAC 06"
"7","PAC V03 C",2.12700274256211,"C",3,"PAC 07","PAC 07","PAC 07","PA11","Pocillopora acuta",0.0196958640367719,6.36630271375291,0.104365618258244,6727.1943095309,1677509.13983834,0.0635000000000003,-0.27,1.9365,1.242,"V3",NA,NA,NA,NA,NA,NA,NA,NA,NA,NA,NA,NA,71.44232,25,"PAC 07"
"8","PAC V03 B",1.76667444718955,"B",3,"PAC 08","PAC 08","PAC 08","PA11","Pocillopora acuta",0.0770638394437314,13.6144268488012,0.223187325390183,7409.5915253585,2021592.79657313,0.492,0.396999999999999,3.5625,5.659,"V3",NA,NA,NA,NA,NA,NA,NA,NA,NA,NA,NA,NA,42.28936,25,"PAC 08"
"9","PAC V03 A",2.2322504690858,"A",3,"PAC 09","PAC 09","PAC 09","PA11","Pocillopora acuta",0.0343078421867598,7.43952441245419,0.12195941659761,13060.9642844382,2971361.52691999,0.2175,0.391999999999999,1.33,2.818,"V3",0.3,-0.0999999999999996,6.6,6.3,-16,-15.9,6.35492227979275,6.40106007067138,1,1,0.600000000000001,1.1,53.00736,25,"PAC 09"
"10","PAC V16 C",0.610599137249221,"C",16,"PAC 10","PAC 10","PAC 10","PA22","Pocillopora acuta",0.0168074219134608,5.83059193995915,0.0955834744255599,28970.8019430823,11918702.6261126,0.793,0.226,2.677,-0.486000000000001,"V16",NA,NA,NA,NA,NA,NA,NA,NA,NA,NA,NA,NA,81.04658,25,"PAC 10"
"11","PAC V16 B",0.920695060903509,"B",16,"PAC 11","PAC 11","PAC 11","PA22","Pocillopora acuta",0.00918919442804793,2.7353100462685,0.0448411482994836,9901.48408829923,3619924.06203745,0.4325,-0.0230000000000006,NA,0.285,"V16",NA,NA,NA,NA,NA,NA,NA,NA,NA,NA,NA,NA,69.28008,25,"PAC 11"
"12","PAC V16 A",2.02006749171125,"A",16,"PAC 12","PAC 12","PAC 12","PA22","Pocillopora acuta",0.0173459308986189,5.1132101677773,0.083823117504546,14032.6512509226,3751737.64691015,0.3795,0.0999999999999996,2.039,0.347,"V16",NA,NA,NA,NA,NA,NA,NA,NA,NA,NA,NA,NA,51.60004,25,"PAC 12"
"13","PAC V04 C",2.36053441702198,"C",4,"PAC 13","PAC 13","PAC 13","PA11","Pocillopora acuta",0.0334680383734477,7.6905654843411,0.126074844005592,5898.81490053686,1589356.64699113,1.132,1.617,3.4255,0.811,"V4",NA,NA,NA,NA,NA,NA,NA,NA,NA,NA,NA,NA,49.17218,25,"PAC 13"
"14","PAC V04 B",1.51084053041375,"B",4,"PAC 14","PAC 14","PAC 14","PA11","Pocillopora acuta",0.0275833288467441,6.41011756987819,0.105083894588167,11984.6522817091,2965999.53612149,0.695,0.845,4.2845,5.347,"V4",NA,NA,NA,NA,NA,NA,NA,NA,NA,NA,NA,NA,54.94126,25,"PAC 14"
"15","PAC V04 A",2.21887703617263,"A",4,"PAC 15","PAC 15","PAC 15","PA11","Pocillopora acuta",0.0151935602657706,2.83714849974543,0.0465106311433677,3979.91044967553,935510.808596458,-0.646,-0.692,-0.8355,-1.831,"V4",NA,NA,NA,NA,NA,NA,NA,NA,NA,NA,NA,NA,40.43002,25,"PAC 15"
"16","PAC V05 C",1.08751725439476,"C",5,"PAC 16","PAC 16","PAC 16","PA19","Pocillopora acuta",0.0248931525305146,6.94991987953,0.11393311277918,10830.3792497295,3629500.58072009,1.019,0.706,5.9695,1.104,"V5",NA,NA,NA,NA,NA,NA,NA,NA,NA,NA,NA,NA,66.85688,25,"PAC 16"
"17","PAC V05 B",1.21045950351618,"B",5,"PAC 17","PAC 17","PAC 17","PA19","Pocillopora acuta",0.024943192732758,6.88292642024486,0.112834859348276,5450.57247935523,1793042.75100167,2.2195,2.063,3.1265,1.899,"V5",NA,NA,NA,NA,NA,NA,NA,NA,NA,NA,NA,NA,68.7535,25,"PAC 17"
"18","PAC V05 A",1.37977875817467,"A",5,"PAC 18","PAC 18","PAC 18","PA19","Pocillopora acuta",0.024096185095822,6.35735664404729,0.104218961377824,9913.7503737947,2534110.76581808,NA,1.516,5.2475,4.96,"V5",0.6,0.199999999999999,6.7,6.1,-16.7,-16.9,5.98391812865497,7.18045112781955,1,0.699999999999999,0.199999999999999,-0.199999999999999,66.20448,25,"PAC 18"
"19","PAC V15 C",1.68707676918464,"C",15,"PAC 19","PAC 19","PAC 19","PA13","Pocillopora acuta",0.0435636137152788,20.7993755615703,0.340973369861808,16032.2682439705,6224891.69433948,0.9995,0.928,5.191,5.401,"V15",NA,NA,NA,NA,NA,NA,NA,NA,NA,NA,NA,NA,110.26944,25,"PAC 19"
"20","PAC V15 B",1.31182931285538,"B",15,"PAC 20","PAC 20","PAC 20","PA13","Pocillopora acuta",0.0502877347040194,21.1703253450772,0.347054513853724,6120.58426233069,2871080.50323253,0.210999999999999,0.056,4.448,5.358,"V15",NA,NA,NA,NA,NA,NA,NA,NA,NA,NA,NA,NA,104.81258,25,"PAC 20"
"21","PAC V15 A",0.99147883857107,"A",15,"PAC 21","PAC 21","PAC 21","PA13","Pocillopora acuta",0.0323825478874063,11.3782569287745,0.186528802111057,7601.42050403347,3422508.4138747,0.176,0.768,0.72,1.796,"V15",NA,NA,NA,NA,NA,NA,NA,NA,NA,NA,NA,NA,76.31668,25,"PAC 21"
"22","PAC V06 C",3.71150412916148,"C",6,"PAC 22","PAC 22","PAC 22","PA19","Pocillopora acuta",0.0489411646622428,18.6721314022208,0.306100514790505,5386.1854371518,1438780.25841927,1.227,0.617,7.661,5.976,"V6",NA,NA,NA,NA,NA,NA,NA,NA,NA,NA,NA,NA,110.45584,25,"PAC 22"
"23","PAC V06 B",2.2182306701809,"B",6,"PAC 23","PAC 23","PAC 23","PA19","Pocillopora acuta",0.0435630720829573,16.54890548399,0.271293532524427,11322.4358248338,3585093.96676349,0.705,0.256,4.8205,3.592,"V6",NA,NA,NA,NA,NA,NA,NA,NA,NA,NA,NA,NA,97.04902,25,"PAC 23"
"24","PAC V06 A",1.89425399205321,"A",6,"PAC 24","PAC 24","PAC 24","PA19","Pocillopora acuta",0.0275155202853684,8.01615860893767,0.131412436212093,8503.30543306172,2474943.93047379,-1.19,-1.197,1.763,-0.472,"V6",NA,NA,NA,NA,NA,NA,NA,NA,NA,NA,NA,NA,84.40644,25,"PAC 24"
"25","PAC V07 C",3.43570377009087,"C",7,"PAC 25","PAC 25","PAC 25","PA21","Pocillopora acuta",0.0390114661594601,12.3766775628486,0.202896353489321,16083.806496067,3926726.11847226,1.256,1.329,5.367,5.862,"V7",NA,NA,NA,NA,NA,NA,NA,NA,NA,NA,NA,NA,70.55692,25,"PAC 25"
"26","PAC V07 B",2.88376767317724,"B",7,"PAC 26","PAC 26","PAC 26","PA21","Pocillopora acuta",0.0404578582069608,10.1134497991448,0.165794259002374,22742.9857591964,4948265.47882337,0.4665,0.513,3.422,3.199,"V7",NA,NA,NA,NA,NA,NA,NA,NA,NA,NA,NA,NA,56.78662,25,"PAC 26"
"27","PAC V07 A",3.99038168140115,"A",7,"PAC 27","PAC 27","PAC 27","PA21","Pocillopora acuta",0.0504684598966757,17.6472886939487,0.289299814654896,14003.8723414316,3775966.64746175,0.583,0.672000000000001,4.1485,3.862,"V7",NA,NA,NA,NA,NA,NA,NA,NA,NA,NA,NA,NA,68.48788,25,"PAC 27"
"28","PAC V11 C",3.41673559763465,"C",11,"PAC 28","PAC 28","PAC 28","PA21","Pocillopora acuta",0.0470520662851965,14.5887969427888,0.239160605619489,15389.5774795197,3276404.37037855,0.911,0.77,4.7425,4.817,"V11",NA,NA,NA,NA,NA,NA,NA,NA,NA,NA,NA,NA,70.57556,25,"PAC 28"
"29","PAC V11 B",2.01313260902157,"B",11,"PAC 29","PAC 29","PAC 29","PA21","Pocillopora acuta",0.0303145245273405,6.6560661421993,0.10911583839671,8087.5543312508,2516299.12465259,0.16,0.411,2.24,1.422,"V11",NA,NA,NA,NA,NA,NA,NA,NA,NA,NA,NA,NA,48.6922,25,"PAC 29"
"30","PAC V11 A",2.72304817419261,"A",11,"PAC 30","PAC 30","PAC 30","PA21","Pocillopora acuta",0.0452637770116585,12.2971555098516,0.201592713276256,19191.7893212151,4615428.31174733,NA,0.133,2.507,3.173,"V11",NA,NA,NA,NA,NA,NA,NA,NA,NA,NA,NA,NA,58.79974,25,"PAC 30"
"31","PAC V12 C",2.38584869314078,"C",12,"PAC 31","PAC 31","PAC 31","PA19","Pocillopora acuta",0.0486963411541384,11.8051481799399,0.193527019343277,8642.19417391834,2479708.41991298,1.0245,0.969,4.261,4.036,"V12",NA,NA,NA,NA,NA,NA,NA,NA,NA,NA,NA,NA,57.81648,25,"PAC 31"
"32","PAC V12 B",1.08047089456347,"B",12,"PAC 32","PAC 32","PAC 32","PA19","Pocillopora acuta",0.0193940991795357,3.93443086516327,0.0644988666420209,4581.02593026167,1370756.89667153,0.5165,0.00199999999999978,1.0295,1.119,"V12",NA,NA,NA,NA,NA,NA,NA,NA,NA,NA,NA,NA,46.67908,25,"PAC 32"
"33","PAC V12 A",1.7238270456016,"A",12,"PAC 33","PAC 33","PAC 33","PA19","Pocillopora acuta",0.019230982837624,3.49861292612726,0.0573543102643813,9201.07682925652,2914805.43090788,-0.291,-0.268,NA,0.678000000000001,"V12",NA,NA,NA,NA,NA,NA,NA,NA,NA,NA,NA,NA,45.56068,25,"PAC 33"
"34","PAC V08 C",2.48199370930053,"C",8,"PAC 34","PAC 34","PAC 34","PA18","Pocillopora acuta",0.00897849584514338,2.3161256096898,0.0379692722899968,12102.5634352474,2967711.30104464,0.3825,0.309,1.3685,1.676,"V8",NA,NA,NA,NA,NA,NA,NA,NA,NA,NA,NA,NA,43.03496,25,"PAC 34"
"35","PAC V08 B",4.09865170710886,"B",8,"PAC 35","PAC 35","PAC 35","PA18","Pocillopora acuta",0.0273216689408393,8.05517284757318,0.132052013894642,30265.9638775477,7342160.45042934,0.284,0.0960000000000001,2.181,0.709999999999999,"V8",NA,NA,NA,NA,NA,NA,NA,NA,NA,NA,NA,NA,54.7036,25,"PAC 35"
"36","PAC V08 A",1.11184735248169,"A",8,"PAC 36","PAC 36","PAC 36","PA18","Pocillopora acuta",0.0338203542459271,11.336177148816,0.185838969652722,8439.34373843425,4254391.01089124,NA,NA,NA,NA,"V8",NA,NA,NA,NA,NA,NA,NA,NA,NA,NA,NA,NA,53.43608,25,"PAC 36"
"37","PAC V18 C",3.05394577586823,"C",18,"PAC 37","PAC 37","PAC 37","PA11","Pocillopora acuta",0.0321530198179067,6.51638067405318,0.106825912689396,9260.23811425076,2526417.0708934,1.4235,0.35,3.1825,1.961,"V18",NA,NA,NA,NA,NA,NA,NA,NA,NA,NA,NA,NA,32.46608,25,"PAC 37"
"38","PAC V18 B",0.748733246425911,"B",18,"PAC 38","PAC 38","PAC 38","PA11","Pocillopora acuta",0.0323383320764004,3.76154342942,0.0616646463839345,16398.9221034688,3341756.39053688,0.368,0.267,1.4785,0.659999999999999,"V18",NA,NA,NA,NA,NA,NA,NA,NA,NA,NA,NA,NA,18.84956,25,"PAC 38"
"39","PAC V18 A",0.754897348620424,"A",18,"PAC 39","PAC 39","PAC 39","PA11","Pocillopora acuta",0.0347145945146071,7.22139659115484,0.11838355067467,17013.9006060936,4875995.72965427,0.3335,0.093,1.2945,0.604,"V18",NA,NA,NA,NA,NA,NA,NA,NA,NA,NA,NA,NA,37.82974,25,"PAC 39"
"40","PAC V10 C",4.20646464024384,"C",10,"PAC 40","PAC 40","PAC 40","PA18","Pocillopora acuta",0.0403403198417223,13.1807443741078,0.216077776624718,24511.9585284461,6587579.99477585,0.858,0.433,6.478,3.204,"V10",NA,NA,NA,NA,NA,NA,NA,NA,NA,NA,NA,NA,89.22488,25,"PAC 40"
"41","PAC V10 B",3.31223052375337,"B",10,"PAC 41","PAC 41","PAC 41","PA18","Pocillopora acuta",0.0353599248380942,8.33034620549737,0.136563052549137,10217.489549667,2584173.3256733,0.731,0.220000000000001,3.913,2.89,"V10",NA,NA,NA,NA,NA,NA,NA,NA,NA,NA,NA,NA,59.05604,25,"PAC 41"
"42","PAC V10 A",2.44274832870933,"A",10,"PAC 42","PAC 42","PAC 42","PA18","Pocillopora acuta",0.0326735418763687,7.98692543796551,0.130933203901074,6447.22106957655,1632351.7242806,0.648,0.622,3.379,3.299,"V10",0.5,0.100000000000001,6.8,6.3,-16,-16.1,6.43117408906883,7.04857621440536,1,1.4,0.899999999999999,0.699999999999999,66.33496,25,"PAC 42"
"43","PAC V09 C",1.62411896960367,"C",9,"PAC 43","PAC 43","PAC 43","PA13","Pocillopora acuta",0.0477472681407381,19.4158136332349,0.318292026774342,6713.31227631591,2014486.95753804,1.1025,1.019,7.8845,6.816,"V9",NA,NA,NA,NA,NA,NA,NA,NA,NA,NA,NA,NA,111.32726,25,"PAC 43"
"44","PAC V09 B",1.34902989316176,"B",9,"PAC 44","PAC 44","PAC 44","PA13","Pocillopora acuta",0.0122896401088891,2.47890556534866,0.0406377961532568,8464.29243442455,2053601.54459914,-0.6305,0.251,-0.0824999999999996,-0.879999999999999,"V9",NA,NA,NA,NA,NA,NA,NA,NA,NA,NA,NA,NA,56.53032,25,"PAC 44"
"45","PAC V09 A",1.67526169245548,"A",9,"PAC 45","PAC 45","PAC 45","PA13","Pocillopora acuta",0.0189079929552414,4.5340106992005,0.0743280442491885,13559.0029410927,4341653.82106533,-0.0409999999999999,-0.0300000000000002,1.1835,-1.282,"V9",0.0999999999999996,0,6.6,6.5,-15.8,-15.8,5.88870151770658,6.45423143350604,0.8,1.2,1.2,1.5,57.1501,25,"PAC 45"
"46","PAC V19 C",1.32010519838984,"C",19,"PAC 46","PAC 46","PAC 46","PA18","Pocillopora acuta",0.034569093093877,9.76129330770926,0.160021201765726,18400.47642068,6059969.71959516,0.4825,0.842,3.4935,2.589,"V19",NA,NA,NA,NA,NA,NA,NA,NA,NA,NA,NA,NA,64.55018,25,"PAC 46"
"47","PAC V19 B",1.05783982952804,"B",19,"PAC 47","PAC 47","PAC 47","PA18","Pocillopora acuta",0.0348741824641417,8.78317005000641,0.1439863942624,6044.78425375873,2376629.49752027,0.5305,0.352,1.7955,1.194,"V19",NA,NA,NA,NA,NA,NA,NA,NA,NA,NA,NA,NA,49.73604,25,"PAC 47"
"48","PAC V19 A",1.32209148120744,"A",19,"PAC 48","PAC 48","PAC 48","PA18","Pocillopora acuta",0.0315604830360512,8.68366353302396,0.142355139885639,22823.9989625006,7953104.3707873,-0.3965,-0.965,0.9365,NA,"V19",NA,NA,NA,NA,NA,NA,NA,NA,NA,NA,NA,NA,54.35876,25,"PAC 48"
"49","PAC V17 C",2.19857178623265,"C",17,"PAC 49","PAC 49","PAC 49","PA22","Pocillopora acuta",0.0205483102696022,4.78798062866523,0.0784914857158234,28590.5188418583,7632730.26607115,NA,NA,NA,NA,"V17",NA,NA,NA,NA,NA,NA,NA,NA,NA,NA,NA,NA,38.80368,25,"PAC 49"
"50","PAC V17 B",2.78808844278808,"B",17,"PAC 50","PAC 50","PAC 50","PA22","Pocillopora acuta",0.0279426791734011,7.0341560836027,0.115314034157421,7566.88435596544,1639453.7460814,0.2405,0.149,1.2835,2.034,"V17",NA,NA,NA,NA,NA,NA,NA,NA,NA,NA,NA,NA,45.60728,25,"PAC 50"
"51","PAC V17 A",1.83511441618173,"A",17,"PAC 51","ALG TIL 07","PAC 51","PA22","Pocillopora acuta",0.0300246556888717,8.57223536664614,0.140528448633543,14600.1151218787,4033839.68050207,0.3835,0.772,2.5615,2.2,"V17",0.7,-0.0999999999999996,7,6.3,-15.2,-15.1,6.07127882599581,6.66218809980806,0.8,0.5,0.600000000000001,0.700000000000001,52.49476,25,"PAC 51"
"52","PAC V20 C",1.76719394155471,"C",20,"PAC 52","PAC 52","PAC 52","PA13","Pocillopora acuta",0.0565261544600185,15.5005149290101,0.254106802114919,19853.0907175715,5234352.0423156,-0.0295000000000001,-0.219,3.47,NA,"V20",NA,NA,NA,NA,NA,NA,NA,NA,NA,NA,NA,NA,54.70826,25,"PAC 52"
"53","PAC V20 B",1.25372399208225,"B",20,"PAC 53","PAC 53","PAC 53","PA13","Pocillopora acuta",0.0317265680322716,9.60022711747755,0.157380772417665,17132.4303194331,4604928.86178862,0.6765,0.314,3.3505,1.323,"V20",NA,NA,NA,NA,NA,NA,NA,NA,NA,NA,NA,NA,64.50824,25,"PAC 53"
"54","PAC V20 A",1.61573030987225,"A",20,"PAC 54","PAC 54","PAC 54","PA13","Pocillopora acuta",0.0658602961273188,20.0673896869634,0.328973601425629,10627.3899227368,3095505.09298196,0.613,0.618,4.075,3.641,"V20",NA,NA,NA,NA,NA,NA,NA,NA,NA,NA,NA,NA,63.35256,25,"PAC 54"
"55","PAC V14 C",2.35901349270506,"C",14,"PAC 55","PAC 55","PAC 55","PA18","Pocillopora acuta",0.0472615769901268,18.1523721392294,0.297579871134908,9930.73492473991,2001266.29242483,1.4265,1.058,6.709,4.938,"V14",NA,NA,NA,NA,NA,NA,NA,NA,NA,NA,NA,NA,84.63944,25,"PAC 55"
"56","PAC V14 B",2.81000173043462,"B",14,"PAC 56","PAC 56","PAC 56","PA18","Pocillopora acuta",0.051308389304004,20.4119570196123,0.334622246223153,11967.3959204786,2684371.16348723,0.884,1.178,6.83,5.515,"V14",NA,NA,NA,NA,NA,NA,NA,NA,NA,NA,NA,NA,79.96546,25,"PAC 56"
"57","PAC V14 A",1.67048417464923,"A",14,"PAC 57","PAC 57","PAC 57","PA18","Pocillopora acuta",0.050585862534584,22.7425716618611,0.372829043637067,9471.74016106481,2501367.95365225,0.8025,0.877000000000001,6.9825,5.506,"V14",0.8,-0.0999999999999979,6.2,5.4,-16.4,-16.3,7.29187817258883,7.34324942791762,0.4,0.5,0.5,0.5,96.78806,25,"PAC 57"
"58","PAC V13 A",1.94263568810868,"A",13,"PAC 58","PAC 58","PAC 58","PA22","Pocillopora acuta",0.0426740324390928,14.3034467224387,0.234482733154733,10754.0826417347,2248751.22271933,0.4125,0.696000000000001,3.1355,4.573,"V13",NA,NA,NA,NA,NA,NA,NA,NA,NA,NA,NA,NA,70.67808,25,"PAC 58"
"59","PAC V13 B",1.55534861726461,"B",13,"PAC 59","PAC 59","PAC 59","PA22","Pocillopora acuta",0.0285722081375538,7.77843666962348,0.127515355239729,13486.2278856611,4494786.04818411,0.5275,0.534,2.662,1.984,"V13",NA,NA,NA,NA,NA,NA,NA,NA,NA,NA,NA,NA,51.49286,25,"PAC 59"
"60","PAC V13 C",1.87133890680889,"C",13,"PAC 60","PAC 60","PAC 60","PA22","Pocillopora acuta",0.03033995077687,7.0259816140916,0.115180026460518,22133.142948275,7269576.62933273,0.5185,0.365,1.9175,2.43,"V13",NA,NA,NA,NA,NA,NA,NA,NA,NA,NA,NA,NA,46.968,25,"PAC 60"
"61","PRU V01 A",2.54147453666085,"A",1,"PRU 01","PRU 01","PRU 01","PR08","Porites rus",0.0651031800197009,13.4026261846769,0.203070093707226,73158.6175692459,11409157.7506212,0.2195,-0.123,1.7445,0.500999999999999,"V1",NA,NA,NA,NA,NA,NA,NA,NA,NA,NA,NA,NA,39.38152,45,"PRU 01"
"62","PRU V01 B",8.68280040582036,"B",1,"PRU 03","PRU 03","PRU 03","PR08","Porites rus",0.0785576465974877,15.9054651114396,0.240991895627873,48015.1079717654,6155760.89681602,0.5305,0.721,2.7395,2.809,"V1",NA,NA,NA,NA,NA,NA,NA,NA,NA,NA,NA,NA,39.28832,45,"PRU 03"
"63","PRU V01 C",9.16393366826904,"C",1,"PRU 02","PRU 02","PRU 02","PR08","Porites rus",0.0674049710016705,19.4644632127255,0.294916109283719,62701.5212106787,8114843.13877749,1.3095,1.504,5.049,4.324,"V1",0.399999999999999,-0.199999999999999,6.6,6.2,-14.7,-14.5,6.48901098901099,5.93181818181818,0.699999999999999,-0.0999999999999996,-1,-0.9,56.7074,45,"PRU 02"
"64","PRU V02 A",4.00832107265647,"A",2,"PRU 06","PRU 06","PRU 06","PR06","Porites rus",0.0410416021319348,2.82826083852494,0.0428524369473476,42654.2981393172,3467554.36058298,-1.02,-0.428,-0.6785,-1.174,"V2",NA,NA,NA,NA,NA,NA,NA,NA,NA,NA,NA,NA,13.93792,45,"PRU 06"
"65","PRU V02 B",2.19048216782797,"B",2,"PRU 05","PRU 05","PRU 05","PR06","Porites rus",0.0590911276961067,9.92699470523555,0.150409010685387,52905.7457188218,6190173.8731007,-0.2785,-0.27,-0.679,-0.82,"V2",NA,NA,NA,NA,NA,NA,NA,NA,NA,NA,NA,NA,31.62262,45,"PRU 05"
"66","PRU V02 C",3.92332648676987,"C",2,"PRU 04","PRU 04","PRU 04","PR06","Porites rus",0.0410328973015502,6.41239726150564,0.097157534265237,53585.0387338381,6028661.98153507,0.2015,-0.132,0.439,0.503,"V2",0.2,-0.5,6.3,6.1,-13.2,-12.7,5.6183908045977,5.95473251028807,3.4,0.199999999999999,0.700000000000001,0.5,29.87046,45,"PRU 04"
"67","PRU V03 A",NA,"A",3,"PRU 09","PRU 09","PRU 09","PR03","Porites rus",0.0526605889756255,8.12826697250375,0.123155560189451,NA,NA,1.2755,0.228,4.0555,0.888,"V3",NA,NA,NA,NA,NA,NA,NA,NA,NA,NA,NA,NA,31.5667,NA,NA
"68","PRU V03 B",3.89990873701174,"B",3,"PRU 08","PRU 08","PRU 08","PR03","Porites rus",0.101185872788986,2.03340499782026,0.0308091666336403,15277.145507649,1283156.77096165,-2.2905,-2.317,-5.254,-3.351,"V3",NA,NA,NA,NA,NA,NA,NA,NA,NA,NA,NA,NA,3.74184,45,"PRU 08"
"69","PRU V03 C",2.58069579060907,"C",3,"PRU 07","PRU 07","PRU 07","PR03","Porites rus",0.0503538794465726,7.07460843676056,0.107191036920614,32165.3253715856,4058649.07705681,-0.421,0.459,-0.7175,0.641,"V3",0.2,-1.5,5.8,5.6,-14.3,-12.8,6.1747572815534,6.77697841726619,1.2,0.399999999999999,0.799999999999999,0.699999999999999,30.09414,45,"PRU 07"
"70","PRU V04 A",4.45814827966393,"A",4,"PRU 15","PRU 15","PRU 15","PR02","Porites rus",0.0481340530601588,7.94534574056812,0.120384026372244,30025.5609115007,4993273.49904324,1.4305,0.300999999999999,7.7345,1.225,"V4",NA,NA,NA,NA,NA,NA,NA,NA,NA,NA,NA,NA,41.75812,45,"PRU 15"
"71","PRU V04 B",4.48242808095308,"B",4,"PRU 14","PRU 14","PRU 14","PR02","Porites rus",0.0510910598121397,8.95882764492208,0.13573981280185,70478.3701090011,9264564.12215129,0.981,-0.13,5.406,0.62,"V4",NA,NA,NA,NA,NA,NA,NA,NA,NA,NA,NA,NA,44.06948,45,"PRU 14"
"72","PRU V04 C",1.91044915238943,"C",4,"PRU 13","PRU 13","PRU 13","PR02","Porites rus",0.0444285919547076,6.36681937519329,0.0964669602302013,69901.4697293454,9688627.27785,1.0535,0.222,1.7965,0.597,"V4",-0.4,-0.699999999999999,5.5,5.9,-14.1,-13.4,6.65798045602606,6.47163695299838,-0.4,-0.3,0,-0.5,30.47626,45,"PRU 13"
"73","PRU V05 A",2.60493911423141,"A",5,"PRU 18","PRU 18","PRU 18","PR02","Porites rus",0.058706679633666,9.30883128880077,0.141042898315163,35551.3862663049,7022977.16026777,1.6525,0.685,3.832,0.271,"V5",NA,NA,NA,NA,NA,NA,NA,NA,NA,NA,NA,NA,29.80056,45,"PRU 18"
"74","PRU V05 B",4.56407429590258,"B",5,"PRU 17","PRU 17","PRU 17","PR02","Porites rus",0.0641157042453988,9.43540020623009,0.142960609185304,45896.8333543929,6707616.85492961,0.867,0.158,3.6745,-1.121,"V5",NA,NA,NA,NA,NA,NA,NA,NA,NA,NA,NA,NA,29.726,45,"PRU 17"
"75","PRU V05 C",5.04281435766256,"C",5,"PRU 16","PRU 16","PRU 16","PR02","Porites rus",0.0736213623459729,12.6387204389459,0.191495764226453,61443.637623243,9806019.11282271,1.007,0.762,1.818,1.935,"V5",0.2,-0.6,6.5,6.3,-15.9,-15.3,6.11910669975186,5.41425818882466,0.6,0.0999999999999996,-1.8,-2.4,30.01958,45,"PRU 16"
"76","PRU V06 A",2.58852648955425,"A",6,"PRU 24","PRU 24","PRU 24","PR07","Porites rus",0.0790418258643468,3.97336559019598,0.0602025089423633,21647.0165568123,2449319.83633562,-2.4555,-4.181,-4.7775,-6.56,"V6",NA,NA,NA,NA,NA,NA,NA,NA,NA,NA,NA,NA,10.387,45,"PRU 24"
"77","PRU V06 B",1.18092576400188,"B",6,"PRU 23","PRU 23","PRU 23","PR07","Porites rus",0.0518894463159933,7.45736965814955,0.112990449365902,22670.0375912827,5397087.86918378,2.552,0.701,5.068,-0.529999999999999,"V6",NA,NA,NA,NA,NA,NA,NA,NA,NA,NA,NA,NA,31.60398,45,"PRU 23"
"78","PRU V06 C",3.49351528734474,"C",6,"PRU 22","PRU 22","PRU 22","PR07","Porites rus",0.0753912484009845,16.5373006759811,0.250565161757289,47242.8070864976,7267273.52743613,1.964,0.837000000000001,8.025,2.865,"V6",-0.2,-0.800000000000001,6.6,6.8,-15,-14.2,6.65801886792453,5.65122615803815,1,1,-0.4,-1.3,40.49526,45,"PRU 22"
"79","PRU V07 A",6.96108824256814,"A",7,"PRU 27","PRU 27","PRU 27","PR04","Porites rus",0.075994979172186,18.1141958536106,0.274457512933494,28711.8783332728,3765198.12495422,1.673,0.572,7.583,2.315,"V7",NA,NA,NA,NA,NA,NA,NA,NA,NA,NA,NA,NA,43.66872,45,"PRU 27"
"80","PRU V07 B",7.08916986274272,"B",7,"PRU 26","PRU 26","PRU 26","PR04","Porites rus",0.0648762652715265,12.6829171413567,0.192165411232677,37693.0841088342,5096029.22116178,1.912,0.482,6.23,1.615,"V7",NA,NA,NA,NA,NA,NA,NA,NA,NA,NA,NA,NA,34.98248,45,"PRU 26"
"81","PRU V07 C",6.44507220174904,"C",7,"PRU 25","PRU 25","PRU 25","PR04","Porites rus",0.0501408354456977,13.853348011592,0.209899212296848,20984.7589556702,3462562.91760234,1.869,0.522,8.148,2.108,"V7",0.2,-0.0999999999999996,6.4,6.2,-15.2,-15.1,6.07002188183807,5.63068181818182,1.1,-0.2,-0.0999999999999996,-0.9,51.03152,45,"PRU 25"
"82","PRU V08 A",2.01270129856273,"A",8,"PRU 36","PRU 36","PRU 36","PR02","Porites rus",0.0679726867788457,11.8729134876181,0.179892628600274,31639.9356496671,6912641.97289578,1.072,0.126,3.8395,1.08,"V8",NA,NA,NA,NA,NA,NA,NA,NA,NA,NA,NA,NA,29.99162,45,"PRU 36"
"83","PRU V08 B",2.03835774416677,"B",8,"PRU 35","PRU 35","PRU 35","PR02","Porites rus",0.0520191365981979,8.22385765488592,0.124603903861908,15657.0321281435,4059441.42086049,0.606,0.0980000000000003,2.0025,0.58,"V8",NA,NA,NA,NA,NA,NA,NA,NA,NA,NA,NA,NA,28.2348,45,"PRU 35"
"84","PRU V08 C",7.5190931072259,"C",8,"PRU 34","PRU 34","PRU 34","PR02","Porites rus",0.0671103606698542,11.0026404088825,0.166706672861857,37489.4756817359,6900531.96828265,1.066,0.655,4.1075,1.599,"V8",0.399999999999999,0.0999999999999996,6.1,5.7,-15.1,-15.2,6.0735294117647,6.21375464684015,0.199999999999999,-0.5,-1,-2.3,26.8368,45,"PRU 34"
"85","PRU V09 A",1.44482748204842,"A",9,"PRU 45","PRU 45","PRU 45","PR04","Porites rus",0.0379820848112974,1.0335166640759,0.0156593433950894,11917.3523037243,1505570.61126167,-3.261,-1.183,-5.187,-2.978,"V9",NA,NA,NA,NA,NA,NA,NA,NA,NA,NA,NA,NA,5.11654,45,"PRU 45"
"86","PRU V09 B",1.83664163689236,"B",9,"PRU 44","PRU 44","PRU 44","PR04","Porites rus",0.0503807989313273,2.36416286567749,0.0358206494799619,42866.1316327925,4074628.01043105,-2.365,-1.363,-3.1575,-2.651,"V9",NA,NA,NA,NA,NA,NA,NA,NA,NA,NA,NA,NA,9.06822,45,"PRU 44"
"87","PRU V09 C",11.8678182234759,"C",9,"PRU 43","PRU 43","PRU 43","PR04","Porites rus",0.0469745922975797,4.63432494143363,0.0702170445671763,57017.890612802,7442885.97124991,0.206,0.0429999999999997,0.4985,0.152,"V9",0.2,0.6,5.8,5.6,-13.5,-14.1,6.15866388308977,6.42096219931271,0.5,-0.800000000000001,1.6,0.0999999999999996,15.97434,45,"PRU 43"
"88","PRU V10 A",5.76113342167851,"A",10,"PRU 42","PRU 42","PRU 42","PR07","Porites rus",0.0358766386827592,5.46168464397005,0.0827527976359098,33780.3462013815,5357458.46588901,-0.0154999999999998,-0.136,-1.3575,-0.459,"V10",NA,NA,NA,NA,NA,NA,NA,NA,NA,NA,NA,NA,32.82956,45,"PRU 42"
"89","PRU V10 B",5.96122521256792,"B",10,"PRU 41","PRU 41","PRU 41","PR07","Porites rus",0.0283736832023753,2.35513474850233,0.0356838598257928,5663.17295710776,862566.496035331,-1.327,-1.623,-3.215,-3.643,"V10",NA,NA,NA,NA,NA,NA,NA,NA,NA,NA,NA,NA,14.80468,45,"PRU 41"
"90","PRU V10 C",3.11263306804418,"C",10,"PRU 40","PRU 40","PRU 40","PR07","Porites rus",0.0732043330001577,12.6666789634181,0.191919378233607,35686.623325284,7013932.31881037,0.9555,0.252,4.2365,0.939,"V10",-0.9,-0.299999999999999,5.2,6.1,-13.6,-13.3,6.02347417840376,6.15408805031447,-0.399999999999999,0.3,1,-0.4,34.49318,45,"PRU 40"
"91","PRU V11 A",3.47003258519313,"A",11,"PRU 30","PRU 30","PRU 30","PR07","Porites rus",0.0503221131026637,8.62406344767382,0.130667627995058,9437.18252744579,1269521.70849982,0.523,-0.369,2.3645,0.0870000000000006,"V11",NA,NA,NA,NA,NA,NA,NA,NA,NA,NA,NA,NA,31.90222,45,"PRU 30"
"92","PRU V11 B",2.39613640128098,"B",11,"PRU 29","PRU 29","PRU 29","PR07","Porites rus",0.00787007459303843,0.648941817211479,0.0098324517759315,14951.8710378396,2018105.28743585,-0.4235,-1.11,-2.2065,-3.091,"V11",NA,NA,NA,NA,NA,NA,NA,NA,NA,NA,NA,NA,14.27344,45,"PRU 29"
"93","PRU V11 C",3.86601897985966,"C",11,"PRU 28","PRU 28","PRU 28","PR07","Porites rus",0.0596712420282287,7.12411821862298,0.107941185130651,15447.5483779705,1768675.54916335,0.926,0.204,4.017,0.811,"V11",0,-0.199999999999999,6.2,6.2,-14.1,-13.9,5.55254237288136,5.74844720496894,0.6,0.4,0.5,-1,20.96986,45,"PRU 28"
"94","PRU V12 A",1.72043938210716,"A",12,"PRU 33","PRU 33","PRU 33","PR06","Porites rus",0.0734764988289131,6.96319925942254,0.10550301908216,19565.8805678668,2884313.26342249,0.2155,-0.214,0.7665,-0.989,"V12",NA,NA,NA,NA,NA,NA,NA,NA,NA,NA,NA,NA,18.309,45,"PRU 33"
"95","PRU V12 B",3.47776394072241,"B",12,"PRU 32","PRU 32","PRU 32","PR06","Porites rus",0.0824480090328036,6.91924063272671,0.104836979283738,21854.3976293086,2082949.63208532,0.183,-0.504,-0.85,-2.85,"V12",NA,NA,NA,NA,NA,NA,NA,NA,NA,NA,NA,NA,13.2529,45,"PRU 32"
"96","PRU V12 C",5.02540897461543,"C",12,"PRU 31","PRU 31","PRU 31","PR06","Porites rus",0.0784944596664948,3.39160775301284,0.0513879962577702,16239.1070956555,1398523.15954352,-0.0825,-1.049,0.0674999999999997,-2.467,"V12",-0.300000000000001,-3.2,5.6,5.9,-14.1,-10.9,6.40534979423868,7.7695652173913,2.7,0,-0.199999999999999,2.3,8.44844,45,"PRU 31"
"97","PRU V13 A",0.975500135892124,"A",13,"PRU 58","PRU 58","PRU 58","PR04","Porites rus",-0.0500171480258752,-4.38814049742532,-0.066486977233717,12805.7988610468,1830129.53010886,-1.0135,-0.685,0.0814999999999997,-2.148,"V13",NA,NA,NA,NA,NA,NA,NA,NA,NA,NA,NA,NA,15.17748,45,"PRU 58"
"98","PRU V13 B",2.69135750045889,"B",13,"PRU 59","PRU 59","PRU 59","PR04","Porites rus",0.0703620640783983,14.9095187486122,0.225901799221397,86397.9820188724,12316014.8079221,1.587,0.427,8.8335,2.01,"V13",NA,NA,NA,NA,NA,NA,NA,NA,NA,NA,NA,NA,49.35858,45,"PRU 59"
"99","PRU V13 C",6.43166811644526,"C",13,"PRU 60","PRU 60","PRU 60","PR04","Porites rus",0.0806565542025748,16.417773131789,0.248754138360439,91770.8832232131,12434011.6233532,1.916,0.472,9.919,1.711,"V13",0.2,0.200000000000001,6.2,6,-13.6,-13.8,6.69321533923304,6.47584541062802,0.9,-0.4,1.5,0.399999999999999,42.1915,45,"PRU 60"
"100","PRU V14 A",2.57312552746045,"A",14,"PRU 57","PRU 57","PRU 57","PR07","Porites rus",0.0911545552557151,18.728354516639,0.283762947221803,44264.9525916893,8521436.14603848,0.696,0.164,4.0345,1.262,"V14",NA,NA,NA,NA,NA,NA,NA,NA,NA,NA,NA,NA,41.842,45,"PRU 57"
"101","PRU V14 B",3.53506941056984,"B",14,"PRU 56","PRU 56","PRU 56","PR07","Porites rus",0.0730795620049389,22.2803683208375,0.337581338194508,60231.7085370954,12037679.6586394,1.7835,1.598,8.4325,5.422,"V14",NA,NA,NA,NA,NA,NA,NA,NA,NA,NA,NA,NA,66.37224,45,"PRU 56"
"102","PRU V14 C",0.559215576551064,"C",14,"PRU 55","PRU 55","PRU 55","PR07","Porites rus",0.101713638203029,2.327306708044,0.0352622228491515,2347.83570369156,3629500.58072009,-3.2395,-3.741,-7.6165,-7.054,"V14",NA,NA,NA,5.1,NA,-12.3,NA,10.8,NA,-0.7,NA,0.6,4.86956,45,"PRU 55"
"103","PRU V15 A",2.23400736533024,"A",15,"PRU 21","PRU 21","PRU 21","PR06","Porites rus",0.0523591443546596,11.1912040290407,0.169563697409707,67526.8509492396,14365402.8058947,1.8965,0.456,8.061,1.754,"V15",NA,NA,NA,NA,NA,NA,NA,NA,NA,NA,NA,NA,49.88982,45,"PRU 21"
"104","PRU V15 B",4.37410827844045,"B",15,"PRU 20","PRU 20","PRU 20","PR06","Porites rus",0.0443907015004178,6.25958009547612,0.0948421226587291,133935.341786508,17983621.0712705,1.274,0.431,4.6435,1.066,"V15",NA,NA,NA,NA,NA,NA,NA,NA,NA,NA,NA,NA,30.3318,45,"PRU 20"
"105","PRU V15 C",6.10885410311993,"C",15,"PRU 19","PRU 19","PRU 19","PR06","Porites rus",0.0581443938576081,5.25433106872233,0.0796110767988231,127455.07408433,11470268.6128359,0.3,0.195,-0.536,-2.104,"V15",-0.0999999999999996,-1.1,6,6.1,-13.1,-12,6.56474820143885,6.70707070707071,3.1,0.199999999999999,0.800000000000001,1.2,24.33904,45,"PRU 19"
"106","PRU V16 A",5.41192080067594,"A",16,"PRU 12","PRU 12","PRU 12","PR03","Porites rus",0.0969878600065003,33.0181282867031,0.500274671010652,39447.6146430668,6019089.87794178,1.7375,1.249,10.8055,4.744,"V16",NA,NA,NA,NA,NA,NA,NA,NA,NA,NA,NA,NA,73.03604,45,"PRU 12"
"107","PRU V16 B",3.48132256446994,"B",16,"PRU 11","PRU 11","PRU 11","PR03","Porites rus",0.081503407806735,21.6819632231055,0.328514594289478,75033.8814571686,12656312.936706,1.713,1.109,6.0585,3.584,"V16",NA,NA,NA,NA,NA,NA,NA,NA,NA,NA,NA,NA,55.91986,45,"PRU 11"
"108","PRU V16 C",3.66869322095127,"C",16,"PRU 10","PRU 10","PRU 10","PR03","Porites rus",0.101165803886421,19.7679577036313,0.29951451066108,43320.2371136567,5230330.5274917,1.561,0.538,7.52,2.894,"V16",0.4,-0.600000000000001,6.4,6,-15.3,-14.7,5.91420118343195,5.70070921985816,1.8,0.8,-0.200000000000001,-1.2,37.56412,45,"PRU 10"
"109","PRU V17 A",4.84391455851262,"A",17,"PRU 51","PRU 51","PRU 51","PR08","Porites rus",0.100581753672883,25.3394852156677,0.383931594176783,66754.4011726857,12197872.6124261,1.659,1.101,7.413,3.179,"V17",NA,NA,NA,NA,NA,NA,NA,NA,NA,NA,NA,NA,42.53168,45,"PRU 51"
"110","PRU V17 B",8.12636388503257,"B",17,"PRU 50","PRU 50","PRU 50","PR08","Porites rus",0.11381567258072,31.8272028323038,0.482230345943997,71225.9651196685,9357879.02251317,2.326,1.204,11.769,4.309,"V17",NA,NA,NA,NA,NA,NA,NA,NA,NA,NA,NA,NA,54.62904,45,"PRU 50"
"111","PRU V17 C",7.58666796607627,"C",17,"PRU 49","PRU 49","PRU 49","PR08","Porites rus",0.111292688962107,21.7791600042417,0.329987272791541,189094.868857246,22179784.0666446,1.5465,0.885,6.633,3.408,"V17",-0.2,-0.4,6.2,6.4,-14.4,-14,6.53493975903614,6.05811623246493,0.3,0.100000000000001,-0.700000000000001,-0.4,42.80662,45,"PRU 49"
"112","PRU V18 A",1.96641239129758,"A",18,"PRU 39","PRU 39","PRU 39","PR08","Porites rus",0.0366228872016841,3.50484414557919,0.0531036991754422,42660.1176313068,10550559.4162087,0.302,-0.61,0.8925,-1.08,"V18",NA,NA,NA,NA,NA,NA,NA,NA,NA,NA,NA,NA,19.92136,45,"PRU 39"
"113","PRU V18 B",6.39100871202582,"B",18,"PRU 38","PRU 38","PRU 38","PR08","Porites rus",0.0484164598210546,3.94836502782657,0.0598237125428269,37051.5547653763,5056930.06570354,0.248,-0.257,-0.00500000000000034,-2.011,"V18",NA,NA,NA,NA,NA,NA,NA,NA,NA,NA,NA,NA,17.0741,45,"PRU 38"
"114","PRU V18 C",6.79162025419146,"C",18,"PRU 37","PRU 37","PRU 37","PR08","Porites rus",0.0572780747859782,8.23224554439109,0.124730993096835,40789.6196984564,5874216.21765237,1.849,0.199,5.9635,0.646,"V18",0.2,-0.200000000000001,6.5,6.3,-14.3,-14.1,6.50656660412758,5.9925,0.6,0,-0.600000000000001,-0.5,26.4407,45,"PRU 37"
"115","PRU V19 A",1.08079951396585,"A",19,"PRU 48","PRU 48","PRU 48","PR08","Porites rus",0.0719828740520328,14.5264971558216,0.220098441754873,19188.3388412799,3966073.4543392,1.0835,0.318,4.2205,1.116,"V19",NA,NA,NA,NA,NA,NA,NA,NA,NA,NA,NA,NA,35.551,45,"PRU 48"
"116","PRU V19 B",0.904955678219811,"B",19,"PRU 47","PRU 47","PRU 47","PR08","Porites rus",0.0598583364239483,10.839608257305,0.164236488747045,8968.76186661603,1447447.00820322,0.8105,0.242,3.298,0.79,"V19",NA,NA,NA,NA,NA,NA,NA,NA,NA,NA,NA,NA,32.29366,45,"PRU 47"
"117","PRU V19 C",0.756502848665886,"C",19,"PRU 46","PRU 46","PRU 46","PR08","Porites rus",0.0505825204524622,10.9884246570059,0.166491282681908,12477.797042129,3245275.23490458,1.1085,0.478,5.5545,0.777,"V19",0.2,-1,6.3,6.1,-15.3,-14.3,6.44927536231884,5.31382978723404,0.399999999999999,-0.2,-1.6,-0.700000000000001,44.5914,45,"PRU 46"
"118","PRU V20 A",3.72718054304274,"A",20,"PRU 54","PRU 54","PRU 54","PR03","Porites rus",0.0380783723355055,5.23411994020404,0.0793048475788491,94204.9831529191,18413299.6632997,1.662,0.188,4.9745,1.104,"V20",NA,NA,NA,NA,NA,NA,NA,NA,NA,NA,NA,NA,23.22064,45,"PRU 54"
"119","PRU V20 B",6.84166752962587,"B",20,"PRU 53","PRU 53","PRU 53","PR03","Porites rus",0.0504871780780884,5.94270868268305,0.0900410406467129,82416.4529415678,10380435.1691811,1.6085,0.308,4.6235,1.371,"V20",NA,NA,NA,NA,NA,NA,NA,NA,NA,NA,NA,NA,21.5943,45,"PRU 53"
"120","PRU V20 C",4.15871988849871,"C",20,"PRU 52","PRU 52","PRU 52","PR03","Porites rus",0.0497720370846544,9.69812872843263,0.146941344370191,81423.9290760563,12786576.881869,1.3185,0.89,6.271,1.933,"V20",-0.2,-0.199999999999999,6,6.2,-13.1,-12.9,6.6390977443609,5.97482014388489,1.4,1,2,0.6,39.50268,45,"PRU 52"
